,MIL,SIL,SIL+FE
FD001,0.94,0.39,1.0
FD002,0.926923076923077,0.3346153846153846,0.6500000000000001
FD003,0.89,0.46,0.99
FD004,0.8554216867469879,0.44176706827309237,0.7068273092369478
DE-BB,0.9422875131164743,0.6694648478488983,0.8342077649527806
DE-IR,1.0,0.7025380710659899,1.0
FE-BB,1.0,0.7496706192358367,0.8511198945981555
FE-IR,1.0,0.7515762925598991,1.0
