Dataset,miHATT,miSVM,miNB,miRF,miLSTM,siHTfe,siDTfe,siSVMfe,siNBfe,sikNNfe,siRFfe,siLSTM
FD001,0.75,0.31999999999999995,0.44000000000000006,0.5239999999999999,0.32,0.62,0.5530000000000002,0.5199999999999999,0.5,0.43000000000000005,0.582,0.44
FD002,0.7843137254901961,0.4431372549019609,0.4745098039215686,0.5117647058823529,0.34509803921568627,0.6039215686274508,0.5988235294117646,0.5215686274509804,0.4901960784313725,0.47058823529411764,0.5905882352941175,0.396078431372549
FD003,0.68,0.35999999999999993,0.39999999999999997,0.518,0.32,0.59,0.6340000000000001,0.4600000000000001,0.5,0.43000000000000005,0.5970000000000001,0.4
FD004,0.6653225806451613,0.4072580645161291,0.44354838709677413,0.4584677419354839,0.25,0.592741935483871,0.539516129032258,0.44354838709677413,0.43145161290322587,0.43145161290322587,0.5435483870967742,0.25
DE-BB,0.9354536950420954,0.1880261927034612,0.6623012160898034,0.8797006548175865,0.1880261927034612,0.9747427502338635,0.9753975678203929,0.1880261927034612,0.9073900841908327,1.0,0.9956033676333021,0.27408793264733394
DE-IR,1.0,0.18575553416746876,1.0,0.9042348411934553,0.18575553416746873,1.0,0.9996150144369587,0.18575553416746876,0.9826756496631377,0.9913378248315687,0.9999037536092397,0.39846005774783444
FE-BB,0.9976635514018691,0.2336448598130841,0.875,0.9984813084112151,0.2605140186915888,0.9135514018691586,0.9783878504672897,0.2336448598130841,0.7359813084112151,0.9953271028037383,0.9939252336448599,0.40186915887850466
FE-IR,0.9975669099756691,0.2420924574209246,0.9245742092457421,0.95669099756691,0.24209245742092458,1.0,0.9997566909975669,0.2420924574209246,0.9391727493917272,0.9890510948905111,1.0,0.3102189781021898
