Dataset,miHATT,miSVM,miNB,miRF,miLSTM,siHTfe,siDTfe,siSVMfe,siNBfe,sikNNfe,siRFfe,siLSTM
FD001,0.7511568777015002,0.20328131252500997,0.45667740780522725,0.5074444891409742,0.16161616161616163,0.5776717138468291,0.5011387998765048,0.5124179203930374,0.484900284900285,0.4213548395516059,0.5304457598947014,0.3077166350411132
FD002,0.7852722971555397,0.3290102389078498,0.44317427609624305,0.467703442768234,0.18444006136313826,0.5656186718111919,0.5760739293718011,0.5097513200476921,0.48093772501640836,0.43222660559840265,0.5643507311642558,0.2699648064353946
FD003,0.6660284611504124,0.22380612972202427,0.31924833299656497,0.5001643660943667,0.16161616161616163,0.5688574317492417,0.6094777184884571,0.45357142857142857,0.48704266576607014,0.43782709827485944,0.5698479441796692,0.28997289972899726
FD004,0.6740790853431654,0.31213536242595274,0.41776508213030683,0.4311493430021255,0.13333333333333333,0.6024837110073228,0.5481469011467822,0.4487984921408127,0.4429490687312966,0.4377162764446002,0.5526837153232507,0.14921780986762936
DE-BB,0.9326402208301434,0.06330708661417321,0.6316953545896452,0.8749279481376802,0.06330708661417322,0.9736930102551631,0.9744893686368081,0.06330708661417321,0.9038687159992135,1.0,0.9954710346552748,0.15723206492887157
DE-IR,1.0,0.06266233766233766,1.0,0.9006605398884087,0.06266233766233767,1.0,0.999610270310179,0.06266233766233766,0.9817936769728275,0.9913352921812534,0.9998979425796837,0.2578970322351178
FE-BB,0.9975754942938995,0.09469696969696971,0.872221244511288,0.9984827459910374,0.10333642261353104,0.9067162306827352,0.9775709869887071,0.09469696969696971,0.7083846422202384,0.9952388092584007,0.9936968787611049,0.27991680374607364
FE-IR,0.9976049688302163,0.09745347698334964,0.9245785993667346,0.9558638919450393,0.09745347698334965,1.0,0.9997524373280389,0.09745347698334964,0.9374626642771806,0.9887975824080553,1.0,0.19247009820780314
