Dataset,miHATT,miSVM,miNB,miRF,miLSTM,siHTfe,siDTfe,siSVMfe,siNBfe,sikNNfe,siRFfe,siLSTM
FD001,0.25,0.6799999999999999,0.5600000000000002,0.476,0.68,0.37999999999999995,0.4469999999999999,0.4800000000000001,0.5,0.5700000000000001,0.41800000000000004,0.56
FD002,0.21568627450980393,0.5568627450980391,0.5254901960784314,0.4882352941176471,0.6549019607843137,0.396078431372549,0.4011764705882353,0.4784313725490196,0.5098039215686274,0.5294117647058824,0.4094117647058823,0.6039215686274509
FD003,0.32,0.6399999999999999,0.5999999999999999,0.48200000000000004,0.68,0.41000000000000003,0.366,0.54,0.5,0.5700000000000001,0.403,0.6
FD004,0.3346774193548387,0.592741935483871,0.5564516129032259,0.5415322580645161,0.75,0.4072580645161291,0.4604838709677419,0.5564516129032259,0.5685483870967741,0.5685483870967741,0.4564516129032258,0.75
DE-BB,0.06454630495790459,0.8119738072965388,0.3376987839101964,0.12029934518241348,0.8119738072965388,0.025257249766136573,0.024602432179607107,0.8119738072965388,0.09260991580916744,0.0,0.0043966323666978484,0.725912067352666
DE-IR,0.0,0.8142444658325314,0.0,0.09576515880654476,0.8142444658325313,0.0,0.000384985563041386,0.8142444658325314,0.017324350336862363,0.008662175168431182,9.62463907603465e-05,0.6015399422521656
FE-BB,0.002336448598130841,0.766355140186916,0.125,0.0015186915887850465,0.7394859813084113,0.08644859813084113,0.02161214953271028,0.766355140186916,0.26401869158878505,0.004672897196261682,0.006074766355140187,0.5981308411214953
FE-IR,0.0024330900243309003,0.7579075425790754,0.07542579075425791,0.04330900243309003,0.7579075425790754,0.0,0.00024330900243309004,0.7579075425790754,0.06082725060827251,0.010948905109489052,0.0,0.6897810218978102
