Dataset,miHATT,miSVM,miNB,miRF,miLSTM,siHTfe,siDTfe,siSVMfe,siNBfe,sikNNfe,siRFfe,siLSTM
FD001,0.7469974948423225,0.358974358974359,0.4665119363395226,0.5348852416740347,0.3333333333333333,0.5847701149425288,0.5162964190981432,0.5033248600058944,0.4795442823460065,0.41274314765694076,0.5446479885057471,0.39080459770114945
FD002,0.7839084806245015,0.4367816091954023,0.47143714019337474,0.5065419880341546,0.34099616858237547,0.5961375050799427,0.593806816576586,0.5158668066231584,0.4848145033174468,0.4632212160132828,0.5842358788463586,0.3875968992248062
FD003,0.6736562049062048,0.3619047619047619,0.4021013708513709,0.5161354617604618,0.3333333333333333,0.5813311688311689,0.626271645021645,0.45389610389610385,0.491729797979798,0.42647907647907646,0.5869047619047619,0.40625
FD004,0.7033831628638868,0.4354838709677419,0.4601162016582946,0.4869888438338478,0.3333333333333333,0.6235701749077044,0.5875973390627206,0.45205420726663836,0.4633339385503036,0.4655051544311969,0.5995884524602069,0.3333333333333333
DE-BB,0.9320458355124647,0.19999999999999998,0.6556508562309745,0.87701346367891,0.2,0.9734597899987933,0.9744909239826164,0.19999999999999998,0.9036833353448392,1.0,0.9954652478845665,0.27714285714285714
DE-IR,1.0,0.19999999999999998,1.0,0.8999513085481137,0.2,1.0,0.9996138097896893,0.19999999999999998,0.9821468453378002,0.9911106425138236,0.9998994974874371,0.4
FE-BB,0.9975,0.25,0.8723508915977176,0.9984728757447524,0.25,0.9082972009937051,0.9775158450704226,0.25,0.7271929409040191,0.9953341386134446,0.9935915492957748,0.4136737089201878
FE-IR,0.9975369458128078,0.25,0.9243326841562605,0.9565032402244927,0.25,1.0,0.9997560975609756,0.25,0.9382256108126839,0.9887182216501225,1.0,0.31896551724137934
