,MIL,SIL,SIL+FE
FD001,0.75,0.35,0.62
FD002,0.7843137254901961,0.3607843137254902,0.5019607843137255
FD003,0.68,0.44,0.59
FD004,0.6653225806451613,0.39919354838709675,0.5282258064516129
DE-BB,0.9354536950420954,0.6314312441534145,0.8409728718428437
DE-IR,1.0,0.7016361886429259,0.9980750721847931
FE-BB,0.9976635514018691,0.7511682242990654,0.8714953271028036
FE-IR,0.9975669099756691,0.7420924574209246,1.0
