Dataset,miHATT,miSVM,miNB,miRF,miLSTM,siHTfe,siDTfe,siSVMfe,siNBfe,sikNNfe,siRFfe,siLSTM
FD001,0.7595287595287595,0.20740740740740743,0.5234671646436354,0.5527521684753548,0.10666666666666667,0.6870056497175142,0.6361482826644302,0.5541083099906629,0.5304515745692217,0.497719298245614,0.6465821612264488,0.48627450980392156
FD002,0.8015688015688016,0.32598631239935594,0.4631202131202131,0.48294758820068606,0.335978835978836,0.5947925243905481,0.6679299259722649,0.5228503522621171,0.5103508957167494,0.44226127395606485,0.642853107696102,0.413515406162465
FD003,0.6789495323260356,0.21450459652706844,0.33146591970121386,0.5146437726682055,0.10666666666666667,0.6751457339692635,0.7146035142878997,0.4710950080515298,0.5759949727691663,0.465424430641822,0.6682629869542918,0.35555555555555557
FD004,0.7011752807421358,0.28651663328227484,0.4475356927641033,0.46402779968985114,0.08333333333333333,0.6201319237372368,0.6338550907645114,0.4471791569186063,0.4585749457696472,0.45936874574660436,0.6357187017022508,0.09612403100775195
DE-BB,0.9457872583291718,0.03760523854069225,0.6992128005342899,0.8819318383481424,0.03760523854069224,0.9749710505295746,0.9747481853923443,0.03760523854069225,0.913429285731643,1.0,0.9955017288313629,0.1291022873913689
DE-IR,1.0,0.037151106833493756,1.0,0.9063285928277095,0.03715110683349375,1.0,0.9996086292478046,0.037151106833493756,0.9823683669271903,0.9917101361636467,0.9998969072164948,0.20795961783197522
FE-BB,0.9976744186046511,0.05841121495327103,0.8755711880711881,0.9985027725037267,0.0651285046728972,0.9248745367352201,0.9776842958605897,0.05841121495327103,0.8133496089121752,0.9951610025867452,0.9938666846463384,0.4788186879690148
FE-IR,0.9976958525345623,0.06052311435523115,0.9338883921018921,0.9584092131126157,0.060523114355231146,1.0,0.99975,0.06052311435523115,0.9431013027909694,0.9891741071428571,1.0,0.1613827420240744
